[
  {
    "id": "1744827",
    "type": "favourite",
    "created_at": "2019-06-08T01:39:22.597Z",
    "account": {
      "id": "157470",
      "username": "dru4",
      "acct": "dru4@inditoot.com",
      "display_name": "Dhruv :verified:​",
      "locked": false,
      "bot": false,
      "created_at": "2019-06-01T22:28:28.367Z",
      "note": "<p>Trying to keep trying.<br>Trying to appreciate what happens.</p>",
      "url": "https://inditoot.com/@dru4",
      "avatar": "https://files.botsin.space/accounts/avatars/000/157/470/original/d343effb8b4e8429.png",
      "avatar_static": "https://files.botsin.space/accounts/avatars/000/157/470/original/d343effb8b4e8429.png",
      "header": "https://botsin.space/headers/original/missing.png",
      "header_static": "https://botsin.space/headers/original/missing.png",
      "followers_count": 7,
      "following_count": 13,
      "statuses_count": 16,
      "emojis": [
        {
          "shortcode": "verified",
          "url": "https://files.botsin.space/custom_emojis/images/000/047/443/original/58e23ce2aa6f395a.png",
          "static_url": "https://files.botsin.space/custom_emojis/images/000/047/443/static/58e23ce2aa6f395a.png",
          "visible_in_picker": true
        }
      ],
      "fields": []
    },
    "status": {
      "id": "102226092749350060",
      "created_at": "2019-06-06T18:39:45.951Z",
      "in_reply_to_id": null,
      "in_reply_to_account_id": null,
      "sensitive": false,
      "spoiler_text": "",
      "visibility": "public",
      "language": "hi",
      "uri": "https://botsin.space/users/dru/statuses/102226092749350060",
      "content": "<p>Smile :)</p>",
      "url": "https://botsin.space/@dru/102226092749350060",
      "replies_count": 0,
      "reblogs_count": 1,
      "favourites_count": 1,
      "favourited": false,
      "reblogged": true,
      "muted": false,
      "pinned": false,
      "reblog": null,
      "application": {
        "name": "dru",
        "website": ""
      },
      "account": {
        "id": "158380",
        "username": "dru",
        "acct": "dru",
        "display_name": "dru",
        "locked": false,
        "bot": true,
        "created_at": "2019-06-06T16:28:23.985Z",
        "note": "<p>Jai Shree Ram 🙏<br />A bot for newbies of <a href=\"https://botsin.space/tags/linux\" class=\"mention hashtag\" rel=\"tag\">#<span>Linux</span></a> and <a href=\"https://botsin.space/tags/foss\" class=\"mention hashtag\" rel=\"tag\">#<span>FOSS</span></a>.</p>",
        "url": "https://botsin.space/@dru",
        "avatar": "https://files.botsin.space/accounts/avatars/000/158/380/original/2bdcb43508165c28.png",
        "avatar_static": "https://files.botsin.space/accounts/avatars/000/158/380/original/2bdcb43508165c28.png",
        "header": "https://files.botsin.space/accounts/headers/000/158/380/original/5bca3d40fc19c738.png",
        "header_static": "https://files.botsin.space/accounts/headers/000/158/380/original/5bca3d40fc19c738.png",
        "followers_count": 1,
        "following_count": 2,
        "statuses_count": 18,
        "emojis": [],
        "fields": []
      },
      "media_attachments": [],
      "mentions": [],
      "tags": [],
      "emojis": [],
      "card": null,
      "poll": null
    }
  },
  {
    "id": "1744738",
    "type": "mention",
    "created_at": "2019-06-08T01:22:51.637Z",
    "account": {
      "id": "157470",
      "username": "dru4",
      "acct": "dru4@inditoot.com",
      "display_name": "Dhruv :verified:​",
      "locked": false,
      "bot": false,
      "created_at": "2019-06-01T22:28:28.367Z",
      "note": "<p>Trying to keep trying.<br>Trying to appreciate what happens.</p>",
      "url": "https://inditoot.com/@dru4",
      "avatar": "https://files.botsin.space/accounts/avatars/000/157/470/original/d343effb8b4e8429.png",
      "avatar_static": "https://files.botsin.space/accounts/avatars/000/157/470/original/d343effb8b4e8429.png",
      "header": "https://botsin.space/headers/original/missing.png",
      "header_static": "https://botsin.space/headers/original/missing.png",
      "followers_count": 7,
      "following_count": 13,
      "statuses_count": 16,
      "emojis": [
        {
          "shortcode": "verified",
          "url": "https://files.botsin.space/custom_emojis/images/000/047/443/original/58e23ce2aa6f395a.png",
          "static_url": "https://files.botsin.space/custom_emojis/images/000/047/443/static/58e23ce2aa6f395a.png",
          "visible_in_picker": true
        }
      ],
      "fields": []
    },
    "status": {
      "id": "102233340089783548",
      "created_at": "2019-06-08T01:22:51.000Z",
      "in_reply_to_id": "102233334478219010",
      "in_reply_to_account_id": "157470",
      "sensitive": false,
      "spoiler_text": "",
      "visibility": "direct",
      "language": "en",
      "uri": "https://inditoot.com/users/dru4/statuses/102233340061037122",
      "content": "<p><span class=\"h-card\"><a href=\"https://botsin.space/@dru\" class=\"u-url mention\" rel=\"nofollow noopener\" target=\"_blank\">@<span>dru</span></a></span> test msg 2</p>",
      "url": "https://inditoot.com/@dru4/102233340061037122",
      "replies_count": 0,
      "reblogs_count": 0,
      "favourites_count": 0,
      "favourited": false,
      "reblogged": false,
      "muted": false,
      "reblog": null,
      "account": {
        "id": "157470",
        "username": "dru4",
        "acct": "dru4@inditoot.com",
        "display_name": "Dhruv :verified:​",
        "locked": false,
        "bot": false,
        "created_at": "2019-06-01T22:28:28.367Z",
        "note": "<p>Trying to keep trying.<br>Trying to appreciate what happens.</p>",
        "url": "https://inditoot.com/@dru4",
        "avatar": "https://files.botsin.space/accounts/avatars/000/157/470/original/d343effb8b4e8429.png",
        "avatar_static": "https://files.botsin.space/accounts/avatars/000/157/470/original/d343effb8b4e8429.png",
        "header": "https://botsin.space/headers/original/missing.png",
        "header_static": "https://botsin.space/headers/original/missing.png",
        "followers_count": 7,
        "following_count": 13,
        "statuses_count": 16,
        "emojis": [
          {
            "shortcode": "verified",
            "url": "https://files.botsin.space/custom_emojis/images/000/047/443/original/58e23ce2aa6f395a.png",
            "static_url": "https://files.botsin.space/custom_emojis/images/000/047/443/static/58e23ce2aa6f395a.png",
            "visible_in_picker": true
          }
        ],
        "fields": []
      },
      "media_attachments": [],
      "mentions": [
        {
          "id": "158380",
          "username": "dru",
          "url": "https://botsin.space/@dru",
          "acct": "dru"
        }
      ],
      "tags": [],
      "emojis": [],
      "card": null,
      "poll": null
    }
  },
  {
    "id": "1744734",
    "type": "mention",
    "created_at": "2019-06-08T01:21:25.986Z",
    "account": {
      "id": "157470",
      "username": "dru4",
      "acct": "dru4@inditoot.com",
      "display_name": "Dhruv :verified:​",
      "locked": false,
      "bot": false,
      "created_at": "2019-06-01T22:28:28.367Z",
      "note": "<p>Trying to keep trying.<br>Trying to appreciate what happens.</p>",
      "url": "https://inditoot.com/@dru4",
      "avatar": "https://files.botsin.space/accounts/avatars/000/157/470/original/d343effb8b4e8429.png",
      "avatar_static": "https://files.botsin.space/accounts/avatars/000/157/470/original/d343effb8b4e8429.png",
      "header": "https://botsin.space/headers/original/missing.png",
      "header_static": "https://botsin.space/headers/original/missing.png",
      "followers_count": 7,
      "following_count": 13,
      "statuses_count": 16,
      "emojis": [
        {
          "shortcode": "verified",
          "url": "https://files.botsin.space/custom_emojis/images/000/047/443/original/58e23ce2aa6f395a.png",
          "static_url": "https://files.botsin.space/custom_emojis/images/000/047/443/static/58e23ce2aa6f395a.png",
          "visible_in_picker": true
        }
      ],
      "fields": []
    },
    "status": {
      "id": "102233334478219010",
      "created_at": "2019-06-08T01:21:25.000Z",
      "in_reply_to_id": null,
      "in_reply_to_account_id": null,
      "sensitive": false,
      "spoiler_text": "",
      "visibility": "direct",
      "language": "en",
      "uri": "https://inditoot.com/users/dru4/statuses/102233334444294039",
      "content": "<p><span class=\"h-card\"><a href=\"https://botsin.space/@dru\" class=\"u-url mention\" rel=\"nofollow noopener\" target=\"_blank\">@<span>dru</span></a></span> testing msg 1</p>",
      "url": "https://inditoot.com/@dru4/102233334444294039",
      "replies_count": 1,
      "reblogs_count": 0,
      "favourites_count": 0,
      "favourited": false,
      "reblogged": false,
      "muted": false,
      "reblog": null,
      "account": {
        "id": "157470",
        "username": "dru4",
        "acct": "dru4@inditoot.com",
        "display_name": "Dhruv :verified:​",
        "locked": false,
        "bot": false,
        "created_at": "2019-06-01T22:28:28.367Z",
        "note": "<p>Trying to keep trying.<br>Trying to appreciate what happens.</p>",
        "url": "https://inditoot.com/@dru4",
        "avatar": "https://files.botsin.space/accounts/avatars/000/157/470/original/d343effb8b4e8429.png",
        "avatar_static": "https://files.botsin.space/accounts/avatars/000/157/470/original/d343effb8b4e8429.png",
        "header": "https://botsin.space/headers/original/missing.png",
        "header_static": "https://botsin.space/headers/original/missing.png",
        "followers_count": 7,
        "following_count": 13,
        "statuses_count": 16,
        "emojis": [
          {
            "shortcode": "verified",
            "url": "https://files.botsin.space/custom_emojis/images/000/047/443/original/58e23ce2aa6f395a.png",
            "static_url": "https://files.botsin.space/custom_emojis/images/000/047/443/static/58e23ce2aa6f395a.png",
            "visible_in_picker": true
          }
        ],
        "fields": []
      },
      "media_attachments": [],
      "mentions": [
        {
          "id": "158380",
          "username": "dru",
          "url": "https://botsin.space/@dru",
          "acct": "dru"
        }
      ],
      "tags": [],
      "emojis": [],
      "card": null,
      "poll": null
    }
  },
  {
    "id": "1744641",
    "type": "favourite",
    "created_at": "2019-06-08T00:49:13.531Z",
    "account": {
      "id": "87158",
      "username": "dru18",
      "acct": "dru18@linuxrocks.online",
      "display_name": "dru :mastodon: :linuxmint:",
      "locked": false,
      "bot": false,
      "created_at": "2018-11-18T02:46:47.604Z",
      "note": "<p>Enjoying :thinkergunsunglasses: <a href=\"https://linuxrocks.online/tags/linux\" class=\"mention hashtag\" rel=\"nofollow noopener\" target=\"_blank\">#<span>Linux</span></a> :linux: <a href=\"https://linuxrocks.online/tags/xmpp\" class=\"mention hashtag\" rel=\"nofollow noopener\" target=\"_blank\">#<span>XMPP</span></a> :xmpp: and <a href=\"https://linuxrocks.online/tags/foss\" class=\"mention hashtag\" rel=\"nofollow noopener\" target=\"_blank\">#<span>FOSS</span></a> than stick with Microsoft :windows: Apple :apple_inc: Google :google: and Adobe</p>",
      "url": "https://linuxrocks.online/@dru18",
      "avatar": "https://files.botsin.space/accounts/avatars/000/087/158/original/034e156d595bce44.png",
      "avatar_static": "https://files.botsin.space/accounts/avatars/000/087/158/original/034e156d595bce44.png",
      "header": "https://files.botsin.space/accounts/headers/000/087/158/original/f751cf7764014917.png",
      "header_static": "https://files.botsin.space/accounts/headers/000/087/158/original/f751cf7764014917.png",
      "followers_count": 55,
      "following_count": 50,
      "statuses_count": 902,
      "emojis": [
        {
          "shortcode": "thinkergunsunglasses",
          "url": "https://files.botsin.space/custom_emojis/images/000/009/782/original/22c1a4f4698b44f5.png",
          "static_url": "https://files.botsin.space/custom_emojis/images/000/009/782/static/22c1a4f4698b44f5.png",
          "visible_in_picker": true
        },
        {
          "shortcode": "linux",
          "url": "https://files.botsin.space/custom_emojis/images/000/006/792/original/244b2391d4ba8b1f.png",
          "static_url": "https://files.botsin.space/custom_emojis/images/000/006/792/static/244b2391d4ba8b1f.png",
          "visible_in_picker": true
        },
        {
          "shortcode": "xmpp",
          "url": "https://files.botsin.space/custom_emojis/images/000/052/735/original/b4cb6fde6b5e07c5.png",
          "static_url": "https://files.botsin.space/custom_emojis/images/000/052/735/static/b4cb6fde6b5e07c5.png",
          "visible_in_picker": true
        },
        {
          "shortcode": "windows",
          "url": "https://files.botsin.space/custom_emojis/images/000/011/864/original/714ccf0f43f517ba.png",
          "static_url": "https://files.botsin.space/custom_emojis/images/000/011/864/static/714ccf0f43f517ba.png",
          "visible_in_picker": true
        },
        {
          "shortcode": "apple_inc",
          "url": "https://files.botsin.space/custom_emojis/images/000/030/016/original/8d0d8be410b84958.png",
          "static_url": "https://files.botsin.space/custom_emojis/images/000/030/016/static/8d0d8be410b84958.png",
          "visible_in_picker": true
        },
        {
          "shortcode": "google",
          "url": "https://files.botsin.space/custom_emojis/images/000/030/017/original/2f0ce926dc603641.png",
          "static_url": "https://files.botsin.space/custom_emojis/images/000/030/017/static/2f0ce926dc603641.png",
          "visible_in_picker": true
        },
        {
          "shortcode": "mastodon",
          "url": "https://files.botsin.space/custom_emojis/images/000/029/873/original/c62cc735951ece42.png",
          "static_url": "https://files.botsin.space/custom_emojis/images/000/029/873/static/c62cc735951ece42.png",
          "visible_in_picker": true
        },
        {
          "shortcode": "linuxmint",
          "url": "https://files.botsin.space/custom_emojis/images/000/017/628/original/9980e396bdcec994.png",
          "static_url": "https://files.botsin.space/custom_emojis/images/000/017/628/static/9980e396bdcec994.png",
          "visible_in_picker": true
        },
        {
          "shortcode": "github",
          "url": "https://files.botsin.space/custom_emojis/images/000/054/154/original/31084461a49f7a69.png",
          "static_url": "https://files.botsin.space/custom_emojis/images/000/054/154/static/31084461a49f7a69.png",
          "visible_in_picker": true
        }
      ],
      "fields": [
        {
          "name": "Web",
          "value": "🌐 <a href=\"https://dru18.github.io/test2/\" rel=\"nofollow noopener\" target=\"_blank\"><span class=\"invisible\">https://</span><span class=\"\">dru18.github.io/test2/</span><span class=\"invisible\"></span></a>",
          "verified_at": null
        },
        {
          "name": "GitHub",
          "value": ":github: <a href=\"https://github.com/dru18/test2\" rel=\"nofollow noopener\" target=\"_blank\"><span class=\"invisible\">https://</span><span class=\"\">github.com/dru18/test2</span><span class=\"invisible\"></span></a>",
          "verified_at": null
        },
        {
          "name": "XMPP",
          "value": ":xmpp: dru18@linuxrocks.online",
          "verified_at": null
        },
        {
          "name": "IRC",
          "value": "💬 dru18 at freenode",
          "verified_at": null
        }
      ]
    },
    "status": {
      "id": "102232961114042947",
      "created_at": "2019-06-07T23:46:28.897Z",
      "in_reply_to_id": null,
      "in_reply_to_account_id": null,
      "sensitive": true,
      "spoiler_text": "Meaning of life:",
      "visibility": "unlisted",
      "language": "hi",
      "uri": "https://botsin.space/users/dru/statuses/102232961114042947",
      "content": "<p>Become a big part of the Nature, Jai Shree Ram :)</p>",
      "url": "https://botsin.space/@dru/102232961114042947",
      "replies_count": 0,
      "reblogs_count": 1,
      "favourites_count": 2,
      "favourited": false,
      "reblogged": false,
      "muted": false,
      "pinned": false,
      "reblog": null,
      "application": {
        "name": "dru",
        "website": ""
      },
      "account": {
        "id": "158380",
        "username": "dru",
        "acct": "dru",
        "display_name": "dru",
        "locked": false,
        "bot": true,
        "created_at": "2019-06-06T16:28:23.985Z",
        "note": "<p>Jai Shree Ram 🙏<br />A bot for newbies of <a href=\"https://botsin.space/tags/linux\" class=\"mention hashtag\" rel=\"tag\">#<span>Linux</span></a> and <a href=\"https://botsin.space/tags/foss\" class=\"mention hashtag\" rel=\"tag\">#<span>FOSS</span></a>.</p>",
        "url": "https://botsin.space/@dru",
        "avatar": "https://files.botsin.space/accounts/avatars/000/158/380/original/2bdcb43508165c28.png",
        "avatar_static": "https://files.botsin.space/accounts/avatars/000/158/380/original/2bdcb43508165c28.png",
        "header": "https://files.botsin.space/accounts/headers/000/158/380/original/5bca3d40fc19c738.png",
        "header_static": "https://files.botsin.space/accounts/headers/000/158/380/original/5bca3d40fc19c738.png",
        "followers_count": 1,
        "following_count": 2,
        "statuses_count": 18,
        "emojis": [],
        "fields": []
      },
      "media_attachments": [],
      "mentions": [],
      "tags": [],
      "emojis": [],
      "card": null,
      "poll": null
    }
  },
  {
    "id": "1744495",
    "type": "reblog",
    "created_at": "2019-06-07T23:47:14.334Z",
    "account": {
      "id": "157470",
      "username": "dru4",
      "acct": "dru4@inditoot.com",
      "display_name": "Dhruv :verified:​",
      "locked": false,
      "bot": false,
      "created_at": "2019-06-01T22:28:28.367Z",
      "note": "<p>Trying to keep trying.<br>Trying to appreciate what happens.</p>",
      "url": "https://inditoot.com/@dru4",
      "avatar": "https://files.botsin.space/accounts/avatars/000/157/470/original/d343effb8b4e8429.png",
      "avatar_static": "https://files.botsin.space/accounts/avatars/000/157/470/original/d343effb8b4e8429.png",
      "header": "https://botsin.space/headers/original/missing.png",
      "header_static": "https://botsin.space/headers/original/missing.png",
      "followers_count": 7,
      "following_count": 13,
      "statuses_count": 16,
      "emojis": [
        {
          "shortcode": "verified",
          "url": "https://files.botsin.space/custom_emojis/images/000/047/443/original/58e23ce2aa6f395a.png",
          "static_url": "https://files.botsin.space/custom_emojis/images/000/047/443/static/58e23ce2aa6f395a.png",
          "visible_in_picker": true
        }
      ],
      "fields": []
    },
    "status": {
      "id": "102232961114042947",
      "created_at": "2019-06-07T23:46:28.897Z",
      "in_reply_to_id": null,
      "in_reply_to_account_id": null,
      "sensitive": true,
      "spoiler_text": "Meaning of life:",
      "visibility": "unlisted",
      "language": "hi",
      "uri": "https://botsin.space/users/dru/statuses/102232961114042947",
      "content": "<p>Become a big part of the Nature, Jai Shree Ram :)</p>",
      "url": "https://botsin.space/@dru/102232961114042947",
      "replies_count": 0,
      "reblogs_count": 1,
      "favourites_count": 2,
      "favourited": false,
      "reblogged": false,
      "muted": false,
      "pinned": false,
      "reblog": null,
      "application": {
        "name": "dru",
        "website": ""
      },
      "account": {
        "id": "158380",
        "username": "dru",
        "acct": "dru",
        "display_name": "dru",
        "locked": false,
        "bot": true,
        "created_at": "2019-06-06T16:28:23.985Z",
        "note": "<p>Jai Shree Ram 🙏<br />A bot for newbies of <a href=\"https://botsin.space/tags/linux\" class=\"mention hashtag\" rel=\"tag\">#<span>Linux</span></a> and <a href=\"https://botsin.space/tags/foss\" class=\"mention hashtag\" rel=\"tag\">#<span>FOSS</span></a>.</p>",
        "url": "https://botsin.space/@dru",
        "avatar": "https://files.botsin.space/accounts/avatars/000/158/380/original/2bdcb43508165c28.png",
        "avatar_static": "https://files.botsin.space/accounts/avatars/000/158/380/original/2bdcb43508165c28.png",
        "header": "https://files.botsin.space/accounts/headers/000/158/380/original/5bca3d40fc19c738.png",
        "header_static": "https://files.botsin.space/accounts/headers/000/158/380/original/5bca3d40fc19c738.png",
        "followers_count": 1,
        "following_count": 2,
        "statuses_count": 18,
        "emojis": [],
        "fields": []
      },
      "media_attachments": [],
      "mentions": [],
      "tags": [],
      "emojis": [],
      "card": null,
      "poll": null
    }
  },
  {
    "id": "1744494",
    "type": "favourite",
    "created_at": "2019-06-07T23:47:09.737Z",
    "account": {
      "id": "157470",
      "username": "dru4",
      "acct": "dru4@inditoot.com",
      "display_name": "Dhruv :verified:​",
      "locked": false,
      "bot": false,
      "created_at": "2019-06-01T22:28:28.367Z",
      "note": "<p>Trying to keep trying.<br>Trying to appreciate what happens.</p>",
      "url": "https://inditoot.com/@dru4",
      "avatar": "https://files.botsin.space/accounts/avatars/000/157/470/original/d343effb8b4e8429.png",
      "avatar_static": "https://files.botsin.space/accounts/avatars/000/157/470/original/d343effb8b4e8429.png",
      "header": "https://botsin.space/headers/original/missing.png",
      "header_static": "https://botsin.space/headers/original/missing.png",
      "followers_count": 7,
      "following_count": 13,
      "statuses_count": 16,
      "emojis": [
        {
          "shortcode": "verified",
          "url": "https://files.botsin.space/custom_emojis/images/000/047/443/original/58e23ce2aa6f395a.png",
          "static_url": "https://files.botsin.space/custom_emojis/images/000/047/443/static/58e23ce2aa6f395a.png",
          "visible_in_picker": true
        }
      ],
      "fields": []
    },
    "status": {
      "id": "102232961114042947",
      "created_at": "2019-06-07T23:46:28.897Z",
      "in_reply_to_id": null,
      "in_reply_to_account_id": null,
      "sensitive": true,
      "spoiler_text": "Meaning of life:",
      "visibility": "unlisted",
      "language": "hi",
      "uri": "https://botsin.space/users/dru/statuses/102232961114042947",
      "content": "<p>Become a big part of the Nature, Jai Shree Ram :)</p>",
      "url": "https://botsin.space/@dru/102232961114042947",
      "replies_count": 0,
      "reblogs_count": 1,
      "favourites_count": 2,
      "favourited": false,
      "reblogged": false,
      "muted": false,
      "pinned": false,
      "reblog": null,
      "application": {
        "name": "dru",
        "website": ""
      },
      "account": {
        "id": "158380",
        "username": "dru",
        "acct": "dru",
        "display_name": "dru",
        "locked": false,
        "bot": true,
        "created_at": "2019-06-06T16:28:23.985Z",
        "note": "<p>Jai Shree Ram 🙏<br />A bot for newbies of <a href=\"https://botsin.space/tags/linux\" class=\"mention hashtag\" rel=\"tag\">#<span>Linux</span></a> and <a href=\"https://botsin.space/tags/foss\" class=\"mention hashtag\" rel=\"tag\">#<span>FOSS</span></a>.</p>",
        "url": "https://botsin.space/@dru",
        "avatar": "https://files.botsin.space/accounts/avatars/000/158/380/original/2bdcb43508165c28.png",
        "avatar_static": "https://files.botsin.space/accounts/avatars/000/158/380/original/2bdcb43508165c28.png",
        "header": "https://files.botsin.space/accounts/headers/000/158/380/original/5bca3d40fc19c738.png",
        "header_static": "https://files.botsin.space/accounts/headers/000/158/380/original/5bca3d40fc19c738.png",
        "followers_count": 1,
        "following_count": 2,
        "statuses_count": 18,
        "emojis": [],
        "fields": []
      },
      "media_attachments": [],
      "mentions": [],
      "tags": [],
      "emojis": [],
      "card": null,
      "poll": null
    }
  },
  {
    "id": "1744491",
    "type": "favourite",
    "created_at": "2019-06-07T23:42:25.584Z",
    "account": {
      "id": "157470",
      "username": "dru4",
      "acct": "dru4@inditoot.com",
      "display_name": "Dhruv :verified:​",
      "locked": false,
      "bot": false,
      "created_at": "2019-06-01T22:28:28.367Z",
      "note": "<p>Trying to keep trying.<br>Trying to appreciate what happens.</p>",
      "url": "https://inditoot.com/@dru4",
      "avatar": "https://files.botsin.space/accounts/avatars/000/157/470/original/d343effb8b4e8429.png",
      "avatar_static": "https://files.botsin.space/accounts/avatars/000/157/470/original/d343effb8b4e8429.png",
      "header": "https://botsin.space/headers/original/missing.png",
      "header_static": "https://botsin.space/headers/original/missing.png",
      "followers_count": 7,
      "following_count": 13,
      "statuses_count": 16,
      "emojis": [
        {
          "shortcode": "verified",
          "url": "https://files.botsin.space/custom_emojis/images/000/047/443/original/58e23ce2aa6f395a.png",
          "static_url": "https://files.botsin.space/custom_emojis/images/000/047/443/static/58e23ce2aa6f395a.png",
          "visible_in_picker": true
        }
      ],
      "fields": []
    },
    "status": {
      "id": "102232942213158086",
      "created_at": "2019-06-07T23:41:40.480Z",
      "in_reply_to_id": null,
      "in_reply_to_account_id": null,
      "sensitive": false,
      "spoiler_text": "",
      "visibility": "public",
      "language": "hi",
      "uri": "https://botsin.space/users/dru/statuses/102232942213158086",
      "content": "<p>Jai Shree Ram :)</p>",
      "url": "https://botsin.space/@dru/102232942213158086",
      "replies_count": 0,
      "reblogs_count": 1,
      "favourites_count": 1,
      "favourited": false,
      "reblogged": false,
      "muted": false,
      "pinned": false,
      "reblog": null,
      "application": {
        "name": "dru",
        "website": ""
      },
      "account": {
        "id": "158380",
        "username": "dru",
        "acct": "dru",
        "display_name": "dru",
        "locked": false,
        "bot": true,
        "created_at": "2019-06-06T16:28:23.985Z",
        "note": "<p>Jai Shree Ram 🙏<br />A bot for newbies of <a href=\"https://botsin.space/tags/linux\" class=\"mention hashtag\" rel=\"tag\">#<span>Linux</span></a> and <a href=\"https://botsin.space/tags/foss\" class=\"mention hashtag\" rel=\"tag\">#<span>FOSS</span></a>.</p>",
        "url": "https://botsin.space/@dru",
        "avatar": "https://files.botsin.space/accounts/avatars/000/158/380/original/2bdcb43508165c28.png",
        "avatar_static": "https://files.botsin.space/accounts/avatars/000/158/380/original/2bdcb43508165c28.png",
        "header": "https://files.botsin.space/accounts/headers/000/158/380/original/5bca3d40fc19c738.png",
        "header_static": "https://files.botsin.space/accounts/headers/000/158/380/original/5bca3d40fc19c738.png",
        "followers_count": 1,
        "following_count": 2,
        "statuses_count": 18,
        "emojis": [],
        "fields": []
      },
      "media_attachments": [],
      "mentions": [],
      "tags": [],
      "emojis": [],
      "card": null,
      "poll": null
    }
  },
  {
    "id": "1744490",
    "type": "reblog",
    "created_at": "2019-06-07T23:42:19.696Z",
    "account": {
      "id": "157470",
      "username": "dru4",
      "acct": "dru4@inditoot.com",
      "display_name": "Dhruv :verified:​",
      "locked": false,
      "bot": false,
      "created_at": "2019-06-01T22:28:28.367Z",
      "note": "<p>Trying to keep trying.<br>Trying to appreciate what happens.</p>",
      "url": "https://inditoot.com/@dru4",
      "avatar": "https://files.botsin.space/accounts/avatars/000/157/470/original/d343effb8b4e8429.png",
      "avatar_static": "https://files.botsin.space/accounts/avatars/000/157/470/original/d343effb8b4e8429.png",
      "header": "https://botsin.space/headers/original/missing.png",
      "header_static": "https://botsin.space/headers/original/missing.png",
      "followers_count": 7,
      "following_count": 13,
      "statuses_count": 16,
      "emojis": [
        {
          "shortcode": "verified",
          "url": "https://files.botsin.space/custom_emojis/images/000/047/443/original/58e23ce2aa6f395a.png",
          "static_url": "https://files.botsin.space/custom_emojis/images/000/047/443/static/58e23ce2aa6f395a.png",
          "visible_in_picker": true
        }
      ],
      "fields": []
    },
    "status": {
      "id": "102232942213158086",
      "created_at": "2019-06-07T23:41:40.480Z",
      "in_reply_to_id": null,
      "in_reply_to_account_id": null,
      "sensitive": false,
      "spoiler_text": "",
      "visibility": "public",
      "language": "hi",
      "uri": "https://botsin.space/users/dru/statuses/102232942213158086",
      "content": "<p>Jai Shree Ram :)</p>",
      "url": "https://botsin.space/@dru/102232942213158086",
      "replies_count": 0,
      "reblogs_count": 1,
      "favourites_count": 1,
      "favourited": false,
      "reblogged": false,
      "muted": false,
      "pinned": false,
      "reblog": null,
      "application": {
        "name": "dru",
        "website": ""
      },
      "account": {
        "id": "158380",
        "username": "dru",
        "acct": "dru",
        "display_name": "dru",
        "locked": false,
        "bot": true,
        "created_at": "2019-06-06T16:28:23.985Z",
        "note": "<p>Jai Shree Ram 🙏<br />A bot for newbies of <a href=\"https://botsin.space/tags/linux\" class=\"mention hashtag\" rel=\"tag\">#<span>Linux</span></a> and <a href=\"https://botsin.space/tags/foss\" class=\"mention hashtag\" rel=\"tag\">#<span>FOSS</span></a>.</p>",
        "url": "https://botsin.space/@dru",
        "avatar": "https://files.botsin.space/accounts/avatars/000/158/380/original/2bdcb43508165c28.png",
        "avatar_static": "https://files.botsin.space/accounts/avatars/000/158/380/original/2bdcb43508165c28.png",
        "header": "https://files.botsin.space/accounts/headers/000/158/380/original/5bca3d40fc19c738.png",
        "header_static": "https://files.botsin.space/accounts/headers/000/158/380/original/5bca3d40fc19c738.png",
        "followers_count": 1,
        "following_count": 2,
        "statuses_count": 18,
        "emojis": [],
        "fields": []
      },
      "media_attachments": [],
      "mentions": [],
      "tags": [],
      "emojis": [],
      "card": null,
      "poll": null
    }
  },
  {
    "id": "1742522",
    "type": "follow",
    "created_at": "2019-06-07T08:00:28.657Z",
    "account": {
      "id": "157470",
      "username": "dru4",
      "acct": "dru4@inditoot.com",
      "display_name": "Dhruv :verified:​",
      "locked": false,
      "bot": false,
      "created_at": "2019-06-01T22:28:28.367Z",
      "note": "<p>Trying to keep trying.<br>Trying to appreciate what happens.</p>",
      "url": "https://inditoot.com/@dru4",
      "avatar": "https://files.botsin.space/accounts/avatars/000/157/470/original/d343effb8b4e8429.png",
      "avatar_static": "https://files.botsin.space/accounts/avatars/000/157/470/original/d343effb8b4e8429.png",
      "header": "https://botsin.space/headers/original/missing.png",
      "header_static": "https://botsin.space/headers/original/missing.png",
      "followers_count": 7,
      "following_count": 13,
      "statuses_count": 16,
      "emojis": [
        {
          "shortcode": "verified",
          "url": "https://files.botsin.space/custom_emojis/images/000/047/443/original/58e23ce2aa6f395a.png",
          "static_url": "https://files.botsin.space/custom_emojis/images/000/047/443/static/58e23ce2aa6f395a.png",
          "visible_in_picker": true
        }
      ],
      "fields": []
    }
  },
  {
    "id": "1742186",
    "type": "favourite",
    "created_at": "2019-06-07T05:31:32.060Z",
    "account": {
      "id": "90476",
      "username": "inditoot",
      "acct": "inditoot@inditoot.com",
      "display_name": "Inditoot \t:indi:",
      "locked": false,
      "bot": false,
      "created_at": "2018-12-04T05:13:13.657Z",
      "note": "<p>Hello there, I run inditoot : An indian Mastodon instance. If you have any questions you can ask me!!</p><p><a href=\"https://inditoot.com/tags/admin\" class=\"mention hashtag\" rel=\"nofollow noopener\" target=\"_blank\">#<span>Admin</span></a></p>",
      "url": "https://inditoot.com/@inditoot",
      "avatar": "https://files.botsin.space/accounts/avatars/000/090/476/original/dbb40d8491631713.jpeg",
      "avatar_static": "https://files.botsin.space/accounts/avatars/000/090/476/original/dbb40d8491631713.jpeg",
      "header": "https://files.botsin.space/accounts/headers/000/090/476/original/94293251d4b9f53e.jpeg",
      "header_static": "https://files.botsin.space/accounts/headers/000/090/476/original/94293251d4b9f53e.jpeg",
      "followers_count": 1334,
      "following_count": 617,
      "statuses_count": 4023,
      "emojis": [
        {
          "shortcode": "indi",
          "url": "https://files.botsin.space/custom_emojis/images/000/047/550/original/c5e2fe1f6a1077b6.png",
          "static_url": "https://files.botsin.space/custom_emojis/images/000/047/550/static/c5e2fe1f6a1077b6.png",
          "visible_in_picker": true
        }
      ],
      "fields": [
        {
          "name": "Donate UPI",
          "value": "inditoot@upi",
          "verified_at": null
        },
        {
          "name": "Liberapay",
          "value": "<a href=\"https://liberapay.com/inditoot/donate\" rel=\"nofollow noopener\" target=\"_blank\"><span class=\"invisible\">https://</span><span class=\"\">liberapay.com/inditoot/donate</span><span class=\"invisible\"></span></a>",
          "verified_at": null
        },
        {
          "name": "Donate Via Paypal",
          "value": "<a href=\"https://paypal.me/vaibhavg26\" rel=\"nofollow noopener\" target=\"_blank\"><span class=\"invisible\">https://</span><span class=\"\">paypal.me/vaibhavg26</span><span class=\"invisible\"></span></a>",
          "verified_at": null
        }
      ]
    },
    "status": {
      "id": "102227512832261839",
      "created_at": "2019-06-07T00:40:54.703Z",
      "in_reply_to_id": null,
      "in_reply_to_account_id": null,
      "sensitive": false,
      "spoiler_text": "",
      "visibility": "public",
      "language": "hi",
      "uri": "https://botsin.space/users/dru/statuses/102227512832261839",
      "content": "<p>Jai Shree Ram :)</p>",
      "url": "https://botsin.space/@dru/102227512832261839",
      "replies_count": 1,
      "reblogs_count": 1,
      "favourites_count": 2,
      "favourited": false,
      "reblogged": false,
      "muted": false,
      "pinned": false,
      "reblog": null,
      "application": {
        "name": "dru",
        "website": ""
      },
      "account": {
        "id": "158380",
        "username": "dru",
        "acct": "dru",
        "display_name": "dru",
        "locked": false,
        "bot": true,
        "created_at": "2019-06-06T16:28:23.985Z",
        "note": "<p>Jai Shree Ram 🙏<br />A bot for newbies of <a href=\"https://botsin.space/tags/linux\" class=\"mention hashtag\" rel=\"tag\">#<span>Linux</span></a> and <a href=\"https://botsin.space/tags/foss\" class=\"mention hashtag\" rel=\"tag\">#<span>FOSS</span></a>.</p>",
        "url": "https://botsin.space/@dru",
        "avatar": "https://files.botsin.space/accounts/avatars/000/158/380/original/2bdcb43508165c28.png",
        "avatar_static": "https://files.botsin.space/accounts/avatars/000/158/380/original/2bdcb43508165c28.png",
        "header": "https://files.botsin.space/accounts/headers/000/158/380/original/5bca3d40fc19c738.png",
        "header_static": "https://files.botsin.space/accounts/headers/000/158/380/original/5bca3d40fc19c738.png",
        "followers_count": 1,
        "following_count": 2,
        "statuses_count": 18,
        "emojis": [],
        "fields": []
      },
      "media_attachments": [],
      "mentions": [],
      "tags": [],
      "emojis": [],
      "card": null,
      "poll": null
    }
  },
  {
    "id": "1741881",
    "type": "favourite",
    "created_at": "2019-06-07T03:16:25.527Z",
    "account": {
      "id": "157470",
      "username": "dru4",
      "acct": "dru4@inditoot.com",
      "display_name": "Dhruv :verified:​",
      "locked": false,
      "bot": false,
      "created_at": "2019-06-01T22:28:28.367Z",
      "note": "<p>Trying to keep trying.<br>Trying to appreciate what happens.</p>",
      "url": "https://inditoot.com/@dru4",
      "avatar": "https://files.botsin.space/accounts/avatars/000/157/470/original/d343effb8b4e8429.png",
      "avatar_static": "https://files.botsin.space/accounts/avatars/000/157/470/original/d343effb8b4e8429.png",
      "header": "https://botsin.space/headers/original/missing.png",
      "header_static": "https://botsin.space/headers/original/missing.png",
      "followers_count": 7,
      "following_count": 13,
      "statuses_count": 16,
      "emojis": [
        {
          "shortcode": "verified",
          "url": "https://files.botsin.space/custom_emojis/images/000/047/443/original/58e23ce2aa6f395a.png",
          "static_url": "https://files.botsin.space/custom_emojis/images/000/047/443/static/58e23ce2aa6f395a.png",
          "visible_in_picker": true
        }
      ],
      "fields": []
    },
    "status": {
      "id": "102226893100058908",
      "created_at": "2019-06-06T22:03:18.349Z",
      "in_reply_to_id": null,
      "in_reply_to_account_id": null,
      "sensitive": false,
      "spoiler_text": "",
      "visibility": "public",
      "language": null,
      "uri": "https://botsin.space/users/dru/statuses/102226893100058908",
      "content": "<p><a href=\"https://botsin.space/tags/selfie\" class=\"mention hashtag\" rel=\"tag\">#<span>selfie</span></a></p>",
      "url": "https://botsin.space/@dru/102226893100058908",
      "replies_count": 0,
      "reblogs_count": 0,
      "favourites_count": 1,
      "favourited": false,
      "reblogged": false,
      "muted": false,
      "pinned": false,
      "reblog": null,
      "application": {
        "name": "dru",
        "website": ""
      },
      "account": {
        "id": "158380",
        "username": "dru",
        "acct": "dru",
        "display_name": "dru",
        "locked": false,
        "bot": true,
        "created_at": "2019-06-06T16:28:23.985Z",
        "note": "<p>Jai Shree Ram 🙏<br />A bot for newbies of <a href=\"https://botsin.space/tags/linux\" class=\"mention hashtag\" rel=\"tag\">#<span>Linux</span></a> and <a href=\"https://botsin.space/tags/foss\" class=\"mention hashtag\" rel=\"tag\">#<span>FOSS</span></a>.</p>",
        "url": "https://botsin.space/@dru",
        "avatar": "https://files.botsin.space/accounts/avatars/000/158/380/original/2bdcb43508165c28.png",
        "avatar_static": "https://files.botsin.space/accounts/avatars/000/158/380/original/2bdcb43508165c28.png",
        "header": "https://files.botsin.space/accounts/headers/000/158/380/original/5bca3d40fc19c738.png",
        "header_static": "https://files.botsin.space/accounts/headers/000/158/380/original/5bca3d40fc19c738.png",
        "followers_count": 1,
        "following_count": 2,
        "statuses_count": 18,
        "emojis": [],
        "fields": []
      },
      "media_attachments": [
        {
          "id": "3054866",
          "type": "image",
          "url": "https://files.botsin.space/media_attachments/files/003/054/866/original/5a6831f22a799e8c.png",
          "preview_url": "https://files.botsin.space/media_attachments/files/003/054/866/small/5a6831f22a799e8c.png",
          "remote_url": null,
          "text_url": "https://botsin.space/media/i4SDO0tg1vlsVDmlLII",
          "meta": {
            "original": {
              "width": 400,
              "height": 400,
              "size": "400x400",
              "aspect": 1
            },
            "small": {
              "width": 400,
              "height": 400,
              "size": "400x400",
              "aspect": 1
            }
          },
          "description": null,
          "blurhash": "UA1=9;k;UcUwa1aKkqk;VEfkkCkWpbkWZ$a0"
        }
      ],
      "mentions": [],
      "tags": [
        {
          "name": "selfie",
          "url": "https://botsin.space/tags/selfie"
        }
      ],
      "emojis": [],
      "card": null,
      "poll": null
    }
  },
  {
    "id": "1741871",
    "type": "mention",
    "created_at": "2019-06-07T03:07:08.115Z",
    "account": {
      "id": "157303",
      "username": "ramparmar",
      "acct": "ramparmar@inditoot.com",
      "display_name": "राम ( Ram )",
      "locked": false,
      "bot": false,
      "created_at": "2019-06-01T01:32:42.262Z",
      "note": "<p></p>",
      "url": "https://inditoot.com/@ramparmar",
      "avatar": "https://files.botsin.space/accounts/avatars/000/157/303/original/ee40011ba9a65e0e.png",
      "avatar_static": "https://files.botsin.space/accounts/avatars/000/157/303/original/ee40011ba9a65e0e.png",
      "header": "https://botsin.space/headers/original/missing.png",
      "header_static": "https://botsin.space/headers/original/missing.png",
      "followers_count": 5,
      "following_count": 8,
      "statuses_count": 40,
      "emojis": [],
      "fields": []
    },
    "status": {
      "id": "102228087803082312",
      "created_at": "2019-06-07T03:07:07.000Z",
      "in_reply_to_id": "102227512832261839",
      "in_reply_to_account_id": "158380",
      "sensitive": false,
      "spoiler_text": "",
      "visibility": "public",
      "language": "en",
      "uri": "https://inditoot.com/users/ramparmar/statuses/102228087763382452",
      "content": "<p><span class=\"h-card\"><a href=\"https://botsin.space/@dru\" class=\"u-url mention\" rel=\"nofollow noopener\" target=\"_blank\">@<span>dru</span></a></span> जय श्री राम</p>",
      "url": "https://inditoot.com/@ramparmar/102228087763382452",
      "replies_count": 0,
      "reblogs_count": 0,
      "favourites_count": 1,
      "favourited": true,
      "reblogged": false,
      "muted": false,
      "reblog": null,
      "account": {
        "id": "157303",
        "username": "ramparmar",
        "acct": "ramparmar@inditoot.com",
        "display_name": "राम ( Ram )",
        "locked": false,
        "bot": false,
        "created_at": "2019-06-01T01:32:42.262Z",
        "note": "<p></p>",
        "url": "https://inditoot.com/@ramparmar",
        "avatar": "https://files.botsin.space/accounts/avatars/000/157/303/original/ee40011ba9a65e0e.png",
        "avatar_static": "https://files.botsin.space/accounts/avatars/000/157/303/original/ee40011ba9a65e0e.png",
        "header": "https://botsin.space/headers/original/missing.png",
        "header_static": "https://botsin.space/headers/original/missing.png",
        "followers_count": 5,
        "following_count": 8,
        "statuses_count": 40,
        "emojis": [],
        "fields": []
      },
      "media_attachments": [],
      "mentions": [
        {
          "id": "158380",
          "username": "dru",
          "url": "https://botsin.space/@dru",
          "acct": "dru"
        }
      ],
      "tags": [],
      "emojis": [],
      "card": null,
      "poll": null
    }
  },
  {
    "id": "1741798",
    "type": "mention",
    "created_at": "2019-06-07T02:20:53.617Z",
    "account": {
      "id": "157470",
      "username": "dru4",
      "acct": "dru4@inditoot.com",
      "display_name": "Dhruv :verified:​",
      "locked": false,
      "bot": false,
      "created_at": "2019-06-01T22:28:28.367Z",
      "note": "<p>Trying to keep trying.<br>Trying to appreciate what happens.</p>",
      "url": "https://inditoot.com/@dru4",
      "avatar": "https://files.botsin.space/accounts/avatars/000/157/470/original/d343effb8b4e8429.png",
      "avatar_static": "https://files.botsin.space/accounts/avatars/000/157/470/original/d343effb8b4e8429.png",
      "header": "https://botsin.space/headers/original/missing.png",
      "header_static": "https://botsin.space/headers/original/missing.png",
      "followers_count": 7,
      "following_count": 13,
      "statuses_count": 16,
      "emojis": [
        {
          "shortcode": "verified",
          "url": "https://files.botsin.space/custom_emojis/images/000/047/443/original/58e23ce2aa6f395a.png",
          "static_url": "https://files.botsin.space/custom_emojis/images/000/047/443/static/58e23ce2aa6f395a.png",
          "visible_in_picker": true
        }
      ],
      "fields": []
    },
    "status": {
      "id": "102227905975608538",
      "created_at": "2019-06-07T02:20:52.000Z",
      "in_reply_to_id": "102227642918740196",
      "in_reply_to_account_id": "158380",
      "sensitive": false,
      "spoiler_text": "",
      "visibility": "direct",
      "language": "en",
      "uri": "https://inditoot.com/users/dru4/statuses/102227905921304764",
      "content": "<p><span class=\"h-card\"><a href=\"https://botsin.space/@dru\" class=\"u-url mention\" rel=\"nofollow noopener\" target=\"_blank\">@<span>dru</span></a></span> tst3</p>",
      "url": "https://inditoot.com/@dru4/102227905921304764",
      "replies_count": 0,
      "reblogs_count": 0,
      "favourites_count": 0,
      "favourited": false,
      "reblogged": false,
      "muted": false,
      "reblog": null,
      "account": {
        "id": "157470",
        "username": "dru4",
        "acct": "dru4@inditoot.com",
        "display_name": "Dhruv :verified:​",
        "locked": false,
        "bot": false,
        "created_at": "2019-06-01T22:28:28.367Z",
        "note": "<p>Trying to keep trying.<br>Trying to appreciate what happens.</p>",
        "url": "https://inditoot.com/@dru4",
        "avatar": "https://files.botsin.space/accounts/avatars/000/157/470/original/d343effb8b4e8429.png",
        "avatar_static": "https://files.botsin.space/accounts/avatars/000/157/470/original/d343effb8b4e8429.png",
        "header": "https://botsin.space/headers/original/missing.png",
        "header_static": "https://botsin.space/headers/original/missing.png",
        "followers_count": 7,
        "following_count": 13,
        "statuses_count": 16,
        "emojis": [
          {
            "shortcode": "verified",
            "url": "https://files.botsin.space/custom_emojis/images/000/047/443/original/58e23ce2aa6f395a.png",
            "static_url": "https://files.botsin.space/custom_emojis/images/000/047/443/static/58e23ce2aa6f395a.png",
            "visible_in_picker": true
          }
        ],
        "fields": []
      },
      "media_attachments": [],
      "mentions": [
        {
          "id": "158380",
          "username": "dru",
          "url": "https://botsin.space/@dru",
          "acct": "dru"
        }
      ],
      "tags": [],
      "emojis": [],
      "card": null,
      "poll": null
    }
  },
  {
    "id": "1741793",
    "type": "mention",
    "created_at": "2019-06-07T02:18:49.615Z",
    "account": {
      "id": "157470",
      "username": "dru4",
      "acct": "dru4@inditoot.com",
      "display_name": "Dhruv :verified:​",
      "locked": false,
      "bot": false,
      "created_at": "2019-06-01T22:28:28.367Z",
      "note": "<p>Trying to keep trying.<br>Trying to appreciate what happens.</p>",
      "url": "https://inditoot.com/@dru4",
      "avatar": "https://files.botsin.space/accounts/avatars/000/157/470/original/d343effb8b4e8429.png",
      "avatar_static": "https://files.botsin.space/accounts/avatars/000/157/470/original/d343effb8b4e8429.png",
      "header": "https://botsin.space/headers/original/missing.png",
      "header_static": "https://botsin.space/headers/original/missing.png",
      "followers_count": 7,
      "following_count": 13,
      "statuses_count": 16,
      "emojis": [
        {
          "shortcode": "verified",
          "url": "https://files.botsin.space/custom_emojis/images/000/047/443/original/58e23ce2aa6f395a.png",
          "static_url": "https://files.botsin.space/custom_emojis/images/000/047/443/static/58e23ce2aa6f395a.png",
          "visible_in_picker": true
        }
      ],
      "fields": []
    },
    "status": {
      "id": "102227897849427747",
      "created_at": "2019-06-07T02:18:48.000Z",
      "in_reply_to_id": "102227885077827953",
      "in_reply_to_account_id": "158380",
      "sensitive": false,
      "spoiler_text": "",
      "visibility": "direct",
      "language": "en",
      "uri": "https://inditoot.com/users/dru4/statuses/102227897809962179",
      "content": "<p><span class=\"h-card\"><a href=\"https://botsin.space/@dru\" class=\"u-url mention\" rel=\"nofollow noopener\" target=\"_blank\">@<span>dru</span></a></span> test2</p>",
      "url": "https://inditoot.com/@dru4/102227897809962179",
      "replies_count": 0,
      "reblogs_count": 0,
      "favourites_count": 0,
      "favourited": false,
      "reblogged": false,
      "muted": false,
      "reblog": null,
      "account": {
        "id": "157470",
        "username": "dru4",
        "acct": "dru4@inditoot.com",
        "display_name": "Dhruv :verified:​",
        "locked": false,
        "bot": false,
        "created_at": "2019-06-01T22:28:28.367Z",
        "note": "<p>Trying to keep trying.<br>Trying to appreciate what happens.</p>",
        "url": "https://inditoot.com/@dru4",
        "avatar": "https://files.botsin.space/accounts/avatars/000/157/470/original/d343effb8b4e8429.png",
        "avatar_static": "https://files.botsin.space/accounts/avatars/000/157/470/original/d343effb8b4e8429.png",
        "header": "https://botsin.space/headers/original/missing.png",
        "header_static": "https://botsin.space/headers/original/missing.png",
        "followers_count": 7,
        "following_count": 13,
        "statuses_count": 16,
        "emojis": [
          {
            "shortcode": "verified",
            "url": "https://files.botsin.space/custom_emojis/images/000/047/443/original/58e23ce2aa6f395a.png",
            "static_url": "https://files.botsin.space/custom_emojis/images/000/047/443/static/58e23ce2aa6f395a.png",
            "visible_in_picker": true
          }
        ],
        "fields": []
      },
      "media_attachments": [],
      "mentions": [
        {
          "id": "158380",
          "username": "dru",
          "url": "https://botsin.space/@dru",
          "acct": "dru"
        }
      ],
      "tags": [],
      "emojis": [],
      "card": null,
      "poll": null
    }
  },
  {
    "id": "1741783",
    "type": "mention",
    "created_at": "2019-06-07T02:15:34.756Z",
    "account": {
      "id": "157470",
      "username": "dru4",
      "acct": "dru4@inditoot.com",
      "display_name": "Dhruv :verified:​",
      "locked": false,
      "bot": false,
      "created_at": "2019-06-01T22:28:28.367Z",
      "note": "<p>Trying to keep trying.<br>Trying to appreciate what happens.</p>",
      "url": "https://inditoot.com/@dru4",
      "avatar": "https://files.botsin.space/accounts/avatars/000/157/470/original/d343effb8b4e8429.png",
      "avatar_static": "https://files.botsin.space/accounts/avatars/000/157/470/original/d343effb8b4e8429.png",
      "header": "https://botsin.space/headers/original/missing.png",
      "header_static": "https://botsin.space/headers/original/missing.png",
      "followers_count": 7,
      "following_count": 13,
      "statuses_count": 16,
      "emojis": [
        {
          "shortcode": "verified",
          "url": "https://files.botsin.space/custom_emojis/images/000/047/443/original/58e23ce2aa6f395a.png",
          "static_url": "https://files.botsin.space/custom_emojis/images/000/047/443/static/58e23ce2aa6f395a.png",
          "visible_in_picker": true
        }
      ],
      "fields": []
    },
    "status": {
      "id": "102227885077827953",
      "created_at": "2019-06-07T02:15:34.000Z",
      "in_reply_to_id": "102227642918740196",
      "in_reply_to_account_id": "158380",
      "sensitive": false,
      "spoiler_text": "",
      "visibility": "direct",
      "language": "en",
      "uri": "https://inditoot.com/users/dru4/statuses/102227885044541017",
      "content": "<p><span class=\"h-card\"><a href=\"https://botsin.space/@dru\" class=\"u-url mention\" rel=\"nofollow noopener\" target=\"_blank\">@<span>dru</span></a></span> test1</p>",
      "url": "https://inditoot.com/@dru4/102227885044541017",
      "replies_count": 0,
      "reblogs_count": 0,
      "favourites_count": 1,
      "favourited": true,
      "reblogged": false,
      "muted": false,
      "reblog": null,
      "account": {
        "id": "157470",
        "username": "dru4",
        "acct": "dru4@inditoot.com",
        "display_name": "Dhruv :verified:​",
        "locked": false,
        "bot": false,
        "created_at": "2019-06-01T22:28:28.367Z",
        "note": "<p>Trying to keep trying.<br>Trying to appreciate what happens.</p>",
        "url": "https://inditoot.com/@dru4",
        "avatar": "https://files.botsin.space/accounts/avatars/000/157/470/original/d343effb8b4e8429.png",
        "avatar_static": "https://files.botsin.space/accounts/avatars/000/157/470/original/d343effb8b4e8429.png",
        "header": "https://botsin.space/headers/original/missing.png",
        "header_static": "https://botsin.space/headers/original/missing.png",
        "followers_count": 7,
        "following_count": 13,
        "statuses_count": 16,
        "emojis": [
          {
            "shortcode": "verified",
            "url": "https://files.botsin.space/custom_emojis/images/000/047/443/original/58e23ce2aa6f395a.png",
            "static_url": "https://files.botsin.space/custom_emojis/images/000/047/443/static/58e23ce2aa6f395a.png",
            "visible_in_picker": true
          }
        ],
        "fields": []
      },
      "media_attachments": [],
      "mentions": [
        {
          "id": "158380",
          "username": "dru",
          "url": "https://botsin.space/@dru",
          "acct": "dru"
        }
      ],
      "tags": [],
      "emojis": [],
      "card": null,
      "poll": null
    }
  }
]